{"use_h5_reader": true, "structured_h5_reader": {"io_data_structure": {"data_path": "/img_tomo", "flat_path": "/img_bkg", "dark_path": "/img_dark", "eng_path": "/X_eng"}, "io_data_info": {"item00_path": "/img_tomo", "item01_path": "/angle", "item02_path": "/Magnification", "item03_path": "/Pixel Size", "item04_path": "/X_eng", "item05_path": "/note", "item06_path": "/scan_time", "item07_path": ""}}, "tomo_raw_fn_template": "fly_scan_id_{0}.h5", "xanes3D_recon_dir_template": "recon_fly_scan_id_{0}", "xanes3D_recon_fn_template": "recon_fly_scan_id_{0}_{1}.tiff", "customized_reader": {"user_xanes3D_reader": ""}}