{"use_h5_reader": true, "structured_h5_reader": {"io_data_structure": {"data_path": "/img_xanes", "flat_path": "/img_bkg", "dark_path": "/img_dark", "eng_path": "/X_eng"}, "io_data_info": {"item00_path": "/img_xanes", "item01_path": "/X_eng", "item02_path": "/Magnification", "item03_path": "/Pixel Size", "item04_path": "/note", "item05_path": "/scan_time", "item06_path": "", "item07_path": ""}}, "xanes2D_raw_fn_template": "xanes_scan2_id_{0}.h5", "customized_reader": {"user_xanes2D_reader": ""}}
